Sequence,Precursor Abundance,Precursor Abundance Percent Rank,Condition,MHC_Type,Cell_Type
ATLVFHNL,1835081088.0,0.009070294784580499,03GL261coculture,MHCI,DC
RTYTYEKL,1816684288.0,0.011337868480725623,03GL261coculture,MHCI,DC
SAPRNFVENF,1012656640.0,0.022675736961451247,03GL261coculture,MHCI,DC
ASYEFVQRL,823962816.0,0.027210884353741496,03GL261coculture,MHCI,DC
YGLKNLTAL,821435328.0,0.02947845804988662,03GL261coculture,MHCI,DC
VNIEFKDL,536960448.0,0.04081632653061224,03GL261coculture,MHCI,DC
VAFDFTKV,493713120.0,0.045351473922902494,03GL261coculture,MHCI,DC
RNYSYEKL,410064768.0,0.05895691609977324,03GL261coculture,MHCI,DC
SLGKNPTDAYL,406071072.0,0.06349206349206349,03GL261coculture,MHCI,DC
FGIHNGVETL,308653952.0,0.09523809523809523,03GL261coculture,MHCI,DC
LGPKNGVYI,261911536.0,0.11337868480725624,03GL261coculture,MHCI,DC
KTVVNKDVF,203971120.0,0.14965986394557823,03GL261coculture,MHCI,DC
FVYVFHTL,173614448.0,0.1836734693877551,03GL261coculture,MHCI,DC
TAYEFAKL,166045728.0,0.19501133786848074,03GL261coculture,MHCI,DC
SNYHFYSSI,165307184.0,0.19727891156462585,03GL261coculture,MHCI,DC
RTVENVTVF,132185176.0,0.23356009070294784,03GL261coculture,MHCI,DC
ISGVNRYYV,130832104.0,0.23582766439909297,03GL261coculture,MHCI,DC
SSIQNGKYTL,125591912.0,0.24489795918367346,03GL261coculture,MHCI,DC
STLTYSRM,106641744.0,0.272108843537415,03GL261coculture,MHCI,DC
SSPKFSEI,100809032.0,0.28798185941043086,03GL261coculture,MHCI,DC
SSYTFPKM,92892184.0,0.3129251700680272,03GL261coculture,MHCI,DC
TAPQYYRL,84776928.0,0.3356009070294785,03GL261coculture,MHCI,DC
STYSVAKM,70670072.0,0.3854875283446712,03GL261coculture,MHCI,DC
IQAENAEFM,55620772.0,0.4308390022675737,03GL261coculture,MHCI,DC
RSIQNAQFL,49679612.0,0.46485260770975056,03GL261coculture,MHCI,DC
VAISPGKHYL,38356600.0,0.5238095238095238,03GL261coculture,MHCI,DC
TSFMFQRV,35863688.0,0.5419501133786848,03GL261coculture,MHCI,DC
FAYEGRDYI,29738254.0,0.6077097505668935,03GL261coculture,MHCI,DC
YQQMNPEAL,19183594.0,0.7256235827664399,03GL261coculture,MHCI,DC
VFYEREVQM,17965068.0,0.7505668934240363,03GL261coculture,MHCI,DC
SQHQSSYGPM,11640009.0,0.8412698412698413,03GL261coculture,MHCI,DC
YAGSNFPEHI,8230720.5,0.8820861678004536,03GL261coculture,MHCI,DC
RTYTYEKL,537186176.0,0.041666666666666664,05GL261Fascoculture,MHCI,DC
SAPRNFVENF,188809200.0,0.125,05GL261Fascoculture,MHCI,DC
YGLKNLTAL,163217952.0,0.16666666666666666,05GL261Fascoculture,MHCI,DC
YAGSNFPEHI,147358032.0,0.18055555555555555,05GL261Fascoculture,MHCI,DC
SLGKNPTDAYL,144786320.0,0.19444444444444445,05GL261Fascoculture,MHCI,DC
ASYEFVQRL,130714584.0,0.20833333333333334,05GL261Fascoculture,MHCI,DC
VAFDFTKV,103220920.0,0.2638888888888889,05GL261Fascoculture,MHCI,DC
RNYSYEKL,57520236.0,0.4166666666666667,05GL261Fascoculture,MHCI,DC
SSIQNGKYTL,36151888.0,0.5138888888888888,05GL261Fascoculture,MHCI,DC
ISGVNRYYV,21704934.0,0.6527777777777778,05GL261Fascoculture,MHCI,DC
KTVVNKDVF,12594102.0,0.8055555555555556,05GL261Fascoculture,MHCI,DC
RTYTYEKL,1187939840.0,0.004405286343612335,05GL261coculture,MHCI,DC
SAPRNFVENF,469066144.0,0.02643171806167401,05GL261coculture,MHCI,DC
YGLKNLTAL,433356800.0,0.030837004405286344,05GL261coculture,MHCI,DC
ASYEFVQRL,359929024.0,0.04405286343612335,05GL261coculture,MHCI,DC
SLGKNPTDAYL,298560224.0,0.06607929515418502,05GL261coculture,MHCI,DC
VAFDFTKV,203002704.0,0.09691629955947137,05GL261coculture,MHCI,DC
LGPKNGVYI,167352960.0,0.1277533039647577,05GL261coculture,MHCI,DC
RNYSYEKL,143465424.0,0.15418502202643172,05GL261coculture,MHCI,DC
VNIEFKDL,109634024.0,0.21145374449339208,05GL261coculture,MHCI,DC
KTVVNKDVF,109496160.0,0.21585903083700442,05GL261coculture,MHCI,DC
TAYEFAKL,94580848.0,0.2422907488986784,05GL261coculture,MHCI,DC
IQAENAEFM,61116004.0,0.34801762114537443,05GL261coculture,MHCI,DC
KAPTNEFYA,57195428.0,0.3568281938325991,05GL261coculture,MHCI,DC
RTVENVTVF,39156592.0,0.4801762114537445,05GL261coculture,MHCI,DC
SQLHSLTHF,23499584.0,0.6211453744493393,05GL261coculture,MHCI,DC
SNYHFYSSI,21188260.0,0.6519823788546255,05GL261coculture,MHCI,DC
VAISPGKHYL,18590754.0,0.6784140969162996,05GL261coculture,MHCI,DC
RAFAFTNV,8539658.0,0.8281938325991189,05GL261coculture,MHCI,DC
SQHQSSYGPM,2213814.75,0.9823788546255506,05GL261coculture,MHCI,DC
ATLVFHNL,1420208000.0,0.009316770186335404,05CT2Acoculture,MHCI,DC
RTYTYEKL,1403640448.0,0.012422360248447204,05CT2Acoculture,MHCI,DC
SAPRNFVENF,417744896.0,0.040372670807453416,05CT2Acoculture,MHCI,DC
ASYEFVQRL,393743840.0,0.043478260869565216,05CT2Acoculture,MHCI,DC
YAGSNFPEHI,334294720.0,0.049689440993788817,05CT2Acoculture,MHCI,DC
YGLKNLTAL,328908160.0,0.055900621118012424,05CT2Acoculture,MHCI,DC
SLGKNPTDAYL,271335904.0,0.06521739130434782,05CT2Acoculture,MHCI,DC
VAFDFTKV,235802832.0,0.07763975155279502,05CT2Acoculture,MHCI,DC
RNYSYEKL,202268672.0,0.09006211180124224,05CT2Acoculture,MHCI,DC
SSIQNGKYTL,117916768.0,0.16149068322981366,05CT2Acoculture,MHCI,DC
FGIHNGVETL,97832648.0,0.19254658385093168,05CT2Acoculture,MHCI,DC
SQHQSSYGPM,96539616.0,0.20186335403726707,05CT2Acoculture,MHCI,DC
TAYEFAKL,94130480.0,0.21428571428571427,05CT2Acoculture,MHCI,DC
SSYTFPKM,77988792.0,0.2391304347826087,05CT2Acoculture,MHCI,DC
KTVVNKDVF,75801736.0,0.2484472049689441,05CT2Acoculture,MHCI,DC
ISGVNRYYV,40950848.0,0.40062111801242234,05CT2Acoculture,MHCI,DC
RTVENVTVF,33838976.0,0.4658385093167702,05CT2Acoculture,MHCI,DC
SNYHFYSSI,24707822.0,0.5341614906832298,05CT2Acoculture,MHCI,DC
RSIQNAQFL,23769234.0,0.5434782608695652,05CT2Acoculture,MHCI,DC
ATLVFHNL,326205408.0,0.045871559633027525,03GL261coculture,MHCII,DC
ASYEFVQRL,97186472.0,0.17889908256880735,03GL261coculture,MHCII,DC
VAFDFTKV,51901500.0,0.3486238532110092,03GL261coculture,MHCII,DC
RTYTYEKL,51231140.0,0.3577981651376147,03GL261coculture,MHCII,DC
RNYSYEKL,7465594.5,0.7981651376146789,03GL261coculture,MHCII,DC
ATLVFHNL,1098180096.0,0.015306122448979591,05UT,MHCI,DC
RTYTYEKL,860172992.0,0.030612244897959183,05UT,MHCI,DC
SAPRNFVENF,237486048.0,0.08673469387755102,05UT,MHCI,DC
ASYEFVQRL,232065808.0,0.09183673469387756,05UT,MHCI,DC
YAGSNFPEHI,223102128.0,0.10204081632653061,05UT,MHCI,DC
SLGKNPTDAYL,195112768.0,0.10714285714285714,05UT,MHCI,DC
YGLKNLTAL,192006960.0,0.11224489795918367,05UT,MHCI,DC
LGPKNGVYI,157300384.0,0.12755102040816327,05UT,MHCI,DC
VAFDFTKV,151713072.0,0.1377551020408163,05UT,MHCI,DC
VNIEFKDL,92479576.0,0.23469387755102042,05UT,MHCI,DC
TAYEFAKL,67107864.0,0.29081632653061223,05UT,MHCI,DC
SSIQNGKYTL,64059356.0,0.3010204081632653,05UT,MHCI,DC
SSYTFPKM,56081228.0,0.32142857142857145,05UT,MHCI,DC
KTVVNKDVF,42311784.0,0.413265306122449,05UT,MHCI,DC
KAPTNEFYA,21967838.0,0.6071428571428571,05UT,MHCI,DC
RSIQNAQFL,15130535.0,0.7244897959183674,05UT,MHCI,DC
IQAENAEFM,14190097.0,0.7551020408163265,05UT,MHCI,DC
STLTYSRM,9541973.0,0.8367346938775511,05UT,MHCI,DC
RAFAFTNV,8006947.0,0.8826530612244898,05UT,MHCI,DC
SNYHFYSSI,6743735.5,0.9081632653061225,05UT,MHCI,DC
SQHQSSYGPM,3305889.5,0.9795918367346939,05UT,MHCI,DC
RTYTYEKL,33997452.0,0.08791208791208792,05UT,MHCII,DC
RTYTYEKL,2055497472.0,0.002145922746781116,05GL261coculture,MHCI,Mac
VNIEFKDL,950496704.0,0.006437768240343348,05GL261coculture,MHCI,Mac
RTVENVTVF,831700672.0,0.012875536480686695,05GL261coculture,MHCI,Mac
SAPRNFVENF,790254592.0,0.019313304721030045,05GL261coculture,MHCI,Mac
ASYEFVQRL,598886336.0,0.023605150214592276,05GL261coculture,MHCI,Mac
FAYEGRDYI,546156544.0,0.030042918454935622,05GL261coculture,MHCI,Mac
SLGKNPTDAYL,519882688.0,0.032188841201716736,05GL261coculture,MHCI,Mac
IQAENAEFM,504418240.0,0.03648068669527897,05GL261coculture,MHCI,Mac
VFYEREVQM,482125760.0,0.0407725321888412,05GL261coculture,MHCI,Mac
YAGSNFPEHI,478338528.0,0.04291845493562232,05GL261coculture,MHCI,Mac
VAFDFTKV,353080544.0,0.0536480686695279,05GL261coculture,MHCI,Mac
RGYVFREL,274709280.0,0.07081545064377683,05GL261coculture,MHCI,Mac
RNYSYEKL,274267680.0,0.07296137339055794,05GL261coculture,MHCI,Mac
ISGVNRYYV,226536736.0,0.08583690987124463,05GL261coculture,MHCI,Mac
FGIHNGVETL,218720688.0,0.09012875536480687,05GL261coculture,MHCI,Mac
TSFMFQRV,208070400.0,0.09227467811158799,05GL261coculture,MHCI,Mac
YQQMNPEAL,198817312.0,0.09656652360515021,05GL261coculture,MHCI,Mac
SSIQNGKYTL,174181456.0,0.11802575107296137,05GL261coculture,MHCI,Mac
KTVVNKDVF,157304560.0,0.14163090128755365,05GL261coculture,MHCI,Mac
TAYEFAKL,141514480.0,0.15665236051502146,05GL261coculture,MHCI,Mac
STLTYSRM,137135728.0,0.1609442060085837,05GL261coculture,MHCI,Mac
RSIQNAQFL,129558608.0,0.16738197424892703,05GL261coculture,MHCI,Mac
KGYVFKEL,114038752.0,0.18669527896995708,05GL261coculture,MHCI,Mac
TAPQYYRL,62227568.0,0.2939914163090129,05GL261coculture,MHCI,Mac
SSYTFPKM,57081308.0,0.315450643776824,05GL261coculture,MHCI,Mac
YGLKNLTAL,54648460.0,0.3283261802575107,05GL261coculture,MHCI,Mac
RAFAFTNV,50306384.0,0.3562231759656652,05GL261coculture,MHCI,Mac
KAPTNEFYA,35473856.0,0.4291845493562232,05GL261coculture,MHCI,Mac
VAISPGKHYL,27556278.0,0.49141630901287553,05GL261coculture,MHCI,Mac
SNYHFYSSI,19895536.0,0.5772532188841202,05GL261coculture,MHCI,Mac
STYSVAKM,15353658.0,0.6609442060085837,05GL261coculture,MHCI,Mac
RTYTYEKL,37077552.0,0.27522935779816515,05GL261Fascoculture,MHCII,DC
RNYSYEKL,3100228.75,0.908256880733945,05GL261Fascoculture,MHCII,DC
ATLVFHNL,146325056.0,0.09004739336492891,05CT2Acoculture,MHCII,DC
RTYTYEKL,62779028.0,0.2559241706161137,05CT2Acoculture,MHCII,DC
RNYSYEKL,7588773.0,0.8104265402843602,05CT2Acoculture,MHCII,DC
YGLKNLTAL,1400788224.0,0.002777777777777778,05GL261Fascoculture,MHCI,Mac
RTYTYEKL,1246412160.0,0.005555555555555556,05GL261Fascoculture,MHCI,Mac
VNIEFKDL,642870784.0,0.022222222222222223,05GL261Fascoculture,MHCI,Mac
SAPRNFVENF,589918528.0,0.025,05GL261Fascoculture,MHCI,Mac
VFYEREVQM,477669216.0,0.027777777777777776,05GL261Fascoculture,MHCI,Mac
SLGKNPTDAYL,372436608.0,0.03888888888888889,05GL261Fascoculture,MHCI,Mac
ATLVFHNL,357805440.0,0.041666666666666664,05GL261Fascoculture,MHCI,Mac
YAGSNFPEHI,334500320.0,0.044444444444444446,05GL261Fascoculture,MHCI,Mac
VAFDFTKV,325362016.0,0.05277777777777778,05GL261Fascoculture,MHCI,Mac
ASYEFVQRL,313730496.0,0.058333333333333334,05GL261Fascoculture,MHCI,Mac
RNYSYEKL,217686144.0,0.07777777777777778,05GL261Fascoculture,MHCI,Mac
IQAENAEFM,214482752.0,0.08055555555555556,05GL261Fascoculture,MHCI,Mac
ISGVNRYYV,171206928.0,0.1111111111111111,05GL261Fascoculture,MHCI,Mac
RGYVFREL,166572352.0,0.11388888888888889,05GL261Fascoculture,MHCI,Mac
SSIQNGKYTL,135267136.0,0.14166666666666666,05GL261Fascoculture,MHCI,Mac
RSIQNAQFL,125660776.0,0.1638888888888889,05GL261Fascoculture,MHCI,Mac
YQQMNPEAL,124572056.0,0.16944444444444445,05GL261Fascoculture,MHCI,Mac
SNYHFYSSI,118251784.0,0.18333333333333332,05GL261Fascoculture,MHCI,Mac
KTVVNKDVF,103481040.0,0.2,05GL261Fascoculture,MHCI,Mac
TAYEFAKL,99743184.0,0.20555555555555555,05GL261Fascoculture,MHCI,Mac
KGYVFKEL,65579356.0,0.2861111111111111,05GL261Fascoculture,MHCI,Mac
RTVENVTVF,64132324.0,0.2916666666666667,05GL261Fascoculture,MHCI,Mac
SSYTFPKM,59091456.0,0.30833333333333335,05GL261Fascoculture,MHCI,Mac
LGPKNGVYI,57372636.0,0.31666666666666665,05GL261Fascoculture,MHCI,Mac
STYSVAKM,42885592.0,0.3972222222222222,05GL261Fascoculture,MHCI,Mac
RAFAFTNV,42499708.0,0.4,05GL261Fascoculture,MHCI,Mac
FGIHNGVETL,17953400.0,0.6305555555555555,05GL261Fascoculture,MHCI,Mac
VAISPGKHYL,16838140.0,0.6555555555555556,05GL261Fascoculture,MHCI,Mac
STLTYSRM,9797914.0,0.7805555555555556,05GL261Fascoculture,MHCI,Mac
TAPQYYRL,4979608.5,0.8944444444444445,05GL261Fascoculture,MHCI,Mac
YGLKNLTAL,1082965248.0,0.002506265664160401,05UT,MHCI,Mac
RTYTYEKL,963594560.0,0.005012531328320802,05UT,MHCI,Mac
VNIEFKDL,602561856.0,0.015037593984962405,05UT,MHCI,Mac
RTVENVTVF,593313344.0,0.020050125313283207,05UT,MHCI,Mac
SAPRNFVENF,529798592.0,0.02506265664160401,05UT,MHCI,Mac
FAYEGRDYI,424645216.0,0.03007518796992481,05UT,MHCI,Mac
SLGKNPTDAYL,332308704.0,0.03759398496240601,05UT,MHCI,Mac
ATLVFHNL,307559136.0,0.045112781954887216,05UT,MHCI,Mac
ASYEFVQRL,304818016.0,0.047619047619047616,05UT,MHCI,Mac
YAGSNFPEHI,268147488.0,0.05263157894736842,05UT,MHCI,Mac
IQAENAEFM,264884784.0,0.05513784461152882,05UT,MHCI,Mac
VAFDFTKV,259169600.0,0.05764411027568922,05UT,MHCI,Mac
VFYEREVQM,243339072.0,0.06265664160401002,05UT,MHCI,Mac
RNYSYEKL,182463664.0,0.08771929824561403,05UT,MHCI,Mac
SNYHFYSSI,145081616.0,0.11027568922305764,05UT,MHCI,Mac
ISGVNRYYV,134427616.0,0.12030075187969924,05UT,MHCI,Mac
TSFMFQRV,129511320.0,0.13032581453634084,05UT,MHCI,Mac
RGYVFREL,124940160.0,0.13784461152882205,05UT,MHCI,Mac
SSIQNGKYTL,122330312.0,0.14786967418546365,05UT,MHCI,Mac
YQQMNPEAL,111236136.0,0.16791979949874686,05UT,MHCI,Mac
TAYEFAKL,100172432.0,0.18045112781954886,05UT,MHCI,Mac
STYSVAKM,66931992.0,0.24060150375939848,05UT,MHCI,Mac
KTVVNKDVF,62782912.0,0.2556390977443609,05UT,MHCI,Mac
KGYVFKEL,52524080.0,0.2957393483709273,05UT,MHCI,Mac
STLTYSRM,51626304.0,0.3032581453634085,05UT,MHCI,Mac
RAFAFTNV,37456636.0,0.38095238095238093,05UT,MHCI,Mac
SSYTFPKM,33537384.0,0.42105263157894735,05UT,MHCI,Mac
TAPQYYRL,24376312.0,0.49122807017543857,05UT,MHCI,Mac
VAISPGKHYL,8103899.5,0.7493734335839599,05UT,MHCI,Mac
YGLKNLTAL,824921728.0,0.004464285714285714,05CT2Acoculture,MHCI,Mac
RTYTYEKL,724251968.0,0.008928571428571428,05CT2Acoculture,MHCI,Mac
RTVENVTVF,465829248.0,0.022321428571428572,05CT2Acoculture,MHCI,Mac
SAPRNFVENF,398525856.0,0.04017857142857143,05CT2Acoculture,MHCI,Mac
ATLVFHNL,296989248.0,0.05803571428571429,05CT2Acoculture,MHCI,Mac
YAGSNFPEHI,288413024.0,0.0625,05CT2Acoculture,MHCI,Mac
VFYEREVQM,281827712.0,0.07142857142857142,05CT2Acoculture,MHCI,Mac
ASYEFVQRL,264048144.0,0.08928571428571429,05CT2Acoculture,MHCI,Mac
SLGKNPTDAYL,254900016.0,0.09821428571428571,05CT2Acoculture,MHCI,Mac
VAFDFTKV,200468224.0,0.11160714285714286,05CT2Acoculture,MHCI,Mac
FGIHNGVETL,162027024.0,0.12053571428571429,05CT2Acoculture,MHCI,Mac
SNYHFYSSI,158366528.0,0.12946428571428573,05CT2Acoculture,MHCI,Mac
IQAENAEFM,153489840.0,0.14285714285714285,05CT2Acoculture,MHCI,Mac
TSFMFQRV,125889056.0,0.16071428571428573,05CT2Acoculture,MHCI,Mac
RNYSYEKL,117626480.0,0.1875,05CT2Acoculture,MHCI,Mac
ISGVNRYYV,115431608.0,0.19196428571428573,05CT2Acoculture,MHCI,Mac
RGYVFREL,95514816.0,0.21428571428571427,05CT2Acoculture,MHCI,Mac
SSIQNGKYTL,88006264.0,0.24553571428571427,05CT2Acoculture,MHCI,Mac
TAYEFAKL,76122080.0,0.2857142857142857,05CT2Acoculture,MHCI,Mac
YQQMNPEAL,75438272.0,0.29464285714285715,05CT2Acoculture,MHCI,Mac
RSIQNAQFL,62471276.0,0.3169642857142857,05CT2Acoculture,MHCI,Mac
KTVVNKDVF,51111708.0,0.38392857142857145,05CT2Acoculture,MHCI,Mac
KGYVFKEL,47215912.0,0.40625,05CT2Acoculture,MHCI,Mac
STYSVAKM,44891300.0,0.41964285714285715,05CT2Acoculture,MHCI,Mac
RAFAFTNV,33932344.0,0.5,05CT2Acoculture,MHCI,Mac
KAPTNEFYA,32415554.0,0.5044642857142857,05CT2Acoculture,MHCI,Mac
SSYTFPKM,30274654.0,0.5223214285714286,05CT2Acoculture,MHCI,Mac
VGFDYKERL,27184348.0,0.5446428571428571,05CT2Acoculture,MHCI,Mac
TAPQYYRL,24728798.0,0.5714285714285714,05CT2Acoculture,MHCI,Mac
RTYTYEKL,50735532.0,0.2236842105263158,05GL261coculture,MHCII,DC
RNYSYEKL,5731861.5,0.8157894736842105,05GL261coculture,MHCII,DC
VNIEFKDL,1172284800.0,0.006968641114982578,03GL261coculture,MHCI,Mac
YGLKNLTAL,725590656.0,0.013937282229965157,03GL261coculture,MHCI,Mac
ATLVFHNL,693016320.0,0.017421602787456445,03GL261coculture,MHCI,Mac
RTYTYEKL,661194176.0,0.020905923344947737,03GL261coculture,MHCI,Mac
FVYVFHTL,608744768.0,0.024390243902439025,03GL261coculture,MHCI,Mac
ASYEFVQRL,495619424.0,0.041811846689895474,03GL261coculture,MHCI,Mac
VAFDFTKV,397101216.0,0.05574912891986063,03GL261coculture,MHCI,Mac
RTVENVTVF,361803040.0,0.059233449477351915,03GL261coculture,MHCI,Mac
YAGSNFPEHI,257682480.0,0.08013937282229965,03GL261coculture,MHCI,Mac
RGYVFREL,230572496.0,0.0975609756097561,03GL261coculture,MHCI,Mac
STLTYSRM,219166592.0,0.11149825783972125,03GL261coculture,MHCI,Mac
SNYHFYSSI,181925200.0,0.1254355400696864,03GL261coculture,MHCI,Mac
FGIHNGVETL,176496064.0,0.13588850174216027,03GL261coculture,MHCI,Mac
LGPKNGVYI,150958496.0,0.16376306620209058,03GL261coculture,MHCI,Mac
TSFMFQRV,147597712.0,0.1672473867595819,03GL261coculture,MHCI,Mac
STYSVAKM,139894048.0,0.18118466898954705,03GL261coculture,MHCI,Mac
TAYEFAKL,115805080.0,0.20209059233449478,03GL261coculture,MHCI,Mac
KTVVNKDVF,114152400.0,0.20905923344947736,03GL261coculture,MHCI,Mac
VFYEREVQM,104932672.0,0.21951219512195122,03GL261coculture,MHCI,Mac
SLGKNPTDAYL,104528456.0,0.2229965156794425,03GL261coculture,MHCI,Mac
RNYSYEKL,96459752.0,0.22996515679442509,03GL261coculture,MHCI,Mac
IQAENAEFM,90865352.0,0.24390243902439024,03GL261coculture,MHCI,Mac
SSIQNGKYTL,84444352.0,0.2682926829268293,03GL261coculture,MHCI,Mac
SSYTFPKM,83755664.0,0.27177700348432055,03GL261coculture,MHCI,Mac
SSPKFSEI,80990592.0,0.27526132404181186,03GL261coculture,MHCI,Mac
RAFAFTNV,55695444.0,0.37630662020905925,03GL261coculture,MHCI,Mac
VAISPGKHYL,43316676.0,0.47038327526132406,03GL261coculture,MHCI,Mac
YQQMNPEAL,40628552.0,0.49825783972125437,03GL261coculture,MHCI,Mac
